id,matchup,ranged_unit,ranged_count,melee_unit,melee_count,tape_mean,tape_min,tape_max,simulation_mean,simulation_min,simulation_max,signed_mean_delta,absolute_mean_delta,tape_band_error,tape_band_coverage,winner_agreement,simulation_runs,unresolved_runs,failure
5-10_vs_359-21,Hand Cannoneer vs Halberdier,Hand Cannoneer,10,Halberdier,21,-76.5,-76.5,-76.5,-81.5,-91,-74.5,-5,5,5,0,match,5,0,
5-14_vs_441-21,Hand Cannoneer vs Hussar,Hand Cannoneer,14,Hussar,21,5.626044277360067,-18.75,17.894736842105264,59.41102756892231,45.41353383458647,68.1203007518797,53.78498329156224,53.78498329156224,41.51629072681705,0,volatile,100,0,
5-14_vs_567-21,Hand Cannoneer vs Champion,Hand Cannoneer,14,Champion,21,-76.60714285714286,-82.5,-73.21428571428571,-77.71428571428571,-85,-70.71428571428571,-1.107142857142847,1.107142857142847,0,0.4,match,5,0,
5-19_vs_1903-21,Hand Cannoneer vs Elite Fire Lancer,Hand Cannoneer,19,Elite Fire Lancer,21,-60.921052631578945,-60.921052631578945,-60.921052631578945,-68.92105263157895,-76.3157894736842,-62.76315789473684,-8,8,8,0,match,5,0,
5-21_vs_330-17,Hand Cannoneer vs Heavy Camel Rider,Hand Cannoneer,21,Heavy Camel Rider,17,-67.51984126984127,-73.57142857142857,-61.30952380952381,-44.69047619047619,-49.404761904761905,-40.23809523809524,22.829365079365076,22.829365079365076,16.61904761904762,0,match,5,0,
5-21_vs_569-14,Hand Cannoneer vs Paladin,Hand Cannoneer,21,Paladin,14,15.444444444444446,-9.047619047619047,32.142857142857146,52.40079365079367,39.285714285714285,64.28571428571429,36.95634920634923,36.95634920634923,20.257936507936527,0,volatile,100,0,
5-21_vs_1134-12,Hand Cannoneer vs Elite Battle Elephant,Hand Cannoneer,21,Elite Battle Elephant,12,2.3839285714285707,-38.333333333333336,32.291666666666664,72.34062499999996,60,81.25,69.95669642857139,69.95669642857139,40.048958333333296,0,volatile,100,0,
5-21_vs_1372-19,Hand Cannoneer vs Elite Steppe Lancer,Hand Cannoneer,21,Elite Steppe Lancer,19,8.026315789473685,8.026315789473685,8.026315789473685,59.86842105263158,58.81578947368421,61.421052631578945,51.8421052631579,51.8421052631579,51.8421052631579,0,match,5,0,
6-21_vs_330-8,Elite Skirmisher vs Heavy Camel Rider,Elite Skirmisher,21,Heavy Camel Rider,8,39.82142857142857,39.82142857142857,39.82142857142857,-3.7967687074829923,-31.428571428571427,26.517857142857142,-43.61819727891156,43.61819727891156,43.61819727891156,0,mismatch,5,0,
6-21_vs_359-21,Elite Skirmisher vs Halberdier,Elite Skirmisher,21,Halberdier,21,-60,-60,-60,-74.28571428571428,-83.80952380952381,-68.57142857142857,-14.285714285714278,14.285714285714278,14.285714285714278,0,match,5,0,
6-21_vs_441-15,Elite Skirmisher vs Hussar,Elite Skirmisher,21,Hussar,15,85.42690058479532,84.70175438596492,86.3157894736842,89.03859649122806,87.43859649122807,90.80701754385964,3.611695906432743,3.611695906432743,2.7228070175438575,0,match,5,0,
6-21_vs_567-15,Elite Skirmisher vs Champion,Elite Skirmisher,21,Champion,15,54.23809523809524,47.42857142857143,60.76190476190476,70.32380952380953,60.19047619047619,76.19047619047619,16.08571428571429,16.08571428571429,9.56190476190477,0.2,match,5,0,
6-21_vs_569-7,Elite Skirmisher vs Paladin,Elite Skirmisher,21,Paladin,7,87.38095238095238,85.63492063492063,88.96825396825396,87.28571428571428,83.80952380952381,88.88888888888889,-0.095238095238102,0.095238095238102,0,0.8,match,5,0,
6-21_vs_1134-6,Elite Skirmisher vs Elite Battle Elephant,Elite Skirmisher,21,Elite Battle Elephant,6,84.5703125,83.125,85.9375,90.35416666666666,89.11458333333333,91.19791666666667,5.783854166666657,5.783854166666657,4.416666666666657,0,match,5,0,
6-21_vs_1372-9,Elite Skirmisher vs Elite Steppe Lancer,Elite Skirmisher,21,Elite Steppe Lancer,9,85.85185185185185,84.55555555555556,86.77777777777777,88.91111111111111,88.33333333333333,90.44444444444444,3.059259259259264,3.059259259259264,2.13333333333334,0,match,5,0,
6-21_vs_1903-11,Elite Skirmisher vs Elite Fire Lancer,Elite Skirmisher,21,Elite Fire Lancer,11,59.037433155080215,59.037433155080215,59.037433155080215,55.82887700534759,50.37433155080214,65.45454545454545,-3.2085561497326225,3.2085561497326225,3.2085561497326225,0,match,5,0,
474-9_vs_359-21,Heavy Cavalry Archer vs Halberdier,Heavy Cavalry Archer,9,Halberdier,21,17.970238095238095,-6.805555555555555,33.96825396825397,25.668452380952377,-68.33333333333333,57.77777777777778,7.698214285714283,7.698214285714283,0,0.53,volatile,100,0,
474-12_vs_441-21,Heavy Cavalry Archer vs Hussar,Heavy Cavalry Archer,12,Hussar,21,35.288220551378444,29.82456140350877,44.11027568922306,51.8796992481203,41.35338345864662,56.64160401002506,16.59147869674186,16.59147869674186,7.769423558897245,0.2,match,5,0,
474-12_vs_567-21,Heavy Cavalry Archer vs Champion,Heavy Cavalry Archer,12,Champion,21,-36.444211613216716,-68.85416666666667,8.843537414965986,-36.83152636054424,-67.5,38.775510204081634,-0.38731474732752247,0.38731474732752247,0,0.97,volatile,100,0,
474-18_vs_1903-21,Heavy Cavalry Archer vs Elite Fire Lancer,Heavy Cavalry Archer,18,Elite Fire Lancer,21,31.94397759103642,24.705882352941178,45.09803921568628,40.70588235294118,27.563025210084035,50.02801120448179,8.761904761904763,8.761904761904763,0,0.6,match,5,0,
474-21_vs_330-18,Heavy Cavalry Archer vs Heavy Camel Rider,Heavy Cavalry Archer,21,Heavy Camel Rider,18,36.30555555555556,30,41.388888888888886,41.33333333333333,33.888888888888886,53.05555555555556,5.0277777777777715,5.0277777777777715,0,0.6,match,5,0,
474-21_vs_569-15,Heavy Cavalry Archer vs Paladin,Heavy Cavalry Archer,21,Paladin,15,36.94276094276094,27.703703703703702,50.22222222222222,18.225132275132275,-30.05952380952381,41.333333333333336,-18.717628667628667,18.717628667628667,9.478571428571428,0.6,match,5,0,
474-21_vs_1134-13,Heavy Cavalry Archer vs Elite Battle Elephant,Heavy Cavalry Archer,21,Elite Battle Elephant,13,74.35897435897436,71.73076923076923,78.26923076923077,86.49038461538461,82.64423076923077,89.47115384615384,12.131410256410248,12.131410256410248,8.22115384615384,0,match,5,0,
474-21_vs_1372-21,Heavy Cavalry Archer vs Elite Steppe Lancer,Heavy Cavalry Archer,21,Elite Steppe Lancer,21,27.976190476190474,15.476190476190476,38.095238095238095,22.833333333333336,-12.5,43.333333333333336,-5.142857142857139,5.142857142857139,0,0.6,match,5,0,
492-13_vs_359-21,Arbalester vs Halberdier,Arbalester,13,Halberdier,21,-92.93269230769232,-95.96153846153847,-89.23076923076923,-97.57692307692308,-98.65384615384616,-97.3076923076923,-4.644230769230759,4.644230769230759,1.6153846153846132,0,match,5,0,
492-18_vs_441-21,Arbalester vs Hussar,Arbalester,18,Hussar,21,29.744360902255643,26.416040100250626,35.23809523809524,56.130325814536334,45.81453634085213,65.6641604010025,26.38596491228069,26.38596491228069,20.892230576441094,0,match,5,0,
492-18_vs_567-21,Arbalester vs Champion,Arbalester,18,Champion,21,-81.77083333333333,-84.72222222222223,-75.69444444444444,-77.77777777777779,-90.27777777777777,-51.388888888888886,3.993055555555543,3.993055555555543,0,0.4,match,5,0,
492-21_vs_330-13,Arbalester vs Heavy Camel Rider,Arbalester,21,Heavy Camel Rider,13,-62.38095238095238,-67.61904761904762,-57.142857142857146,-79.42857142857142,-82.85714285714286,-75.23809523809524,-17.047619047619037,17.047619047619037,11.809523809523796,0,match,5,0,
492-21_vs_569-11,Arbalester vs Paladin,Arbalester,21,Paladin,11,41.785714285714285,33.18181818181818,58.03030303030303,53.06060606060606,43.63636363636363,63.18181818181818,11.274891774891778,11.274891774891778,0,0.6,match,5,0,
492-21_vs_1134-9,Arbalester vs Elite Battle Elephant,Arbalester,21,Elite Battle Elephant,9,79.75694444444446,75.83333333333333,81.94444444444444,92.125,90.76388888888889,94.40972222222223,12.368055555555543,12.368055555555543,10.180555555555557,0,match,5,0,
492-21_vs_1372-14,Arbalester vs Elite Steppe Lancer,Arbalester,21,Elite Steppe Lancer,14,9.19047619047619,-27.142857142857142,24,45.91142857142856,30,52.57142857142857,36.72095238095237,36.72095238095237,21.91142857142856,0,volatile,100,0,
492-21_vs_1903-17,Arbalester vs Elite Fire Lancer,Arbalester,21,Elite Fire Lancer,17,-72.44047619047619,-72.61904761904762,-72.26190476190476,-72.02380952380952,-76.54761904761905,-66.78571428571429,0.4166666666666714,0.4166666666666714,0.2380952380952408,0,match,5,0,
542-6_vs_359-21,Heavy Scorpion vs Halberdier,Heavy Scorpion,6,Halberdier,21,66.28968253968254,63.76984126984127,68.80952380952381,62.08730158730158,57.857142857142854,65.07936507936508,-4.202380952380963,4.202380952380963,1.6825396825396908,0.6,match,5,0,
542-8_vs_441-21,Heavy Scorpion vs Hussar,Heavy Scorpion,8,Hussar,21,81.10902255639098,75.18796992481202,91.42857142857143,76.21553884711781,73.38345864661655,77.89473684210526,-4.89348370927317,4.89348370927317,0,0.6,match,5,0,
542-8_vs_567-21,Heavy Scorpion vs Champion,Heavy Scorpion,8,Champion,21,73.56009070294785,61.224489795918366,87.48299319727892,59.70068027210884,54.01360544217687,63.265306122448976,-13.859410430839006,13.859410430839006,1.5238095238095255,0.4,match,5,0,
542-12_vs_1903-21,Heavy Scorpion vs Elite Fire Lancer,Heavy Scorpion,12,Elite Fire Lancer,21,61.5406162464986,58.8235294117647,64.25770308123249,58.37535014005603,54.73389355742297,62.52100840336134,-3.165266106442573,3.165266106442573,0.4481792717086748,0.4,match,5,0,
542-14_vs_1372-21,Heavy Scorpion vs Elite Steppe Lancer,Heavy Scorpion,14,Elite Steppe Lancer,21,69.28571428571429,63.476190476190474,75.0952380952381,60.766666666666666,59.404761904761905,62.61904761904762,-8.519047619047626,8.519047619047626,2.709523809523809,0,match,5,0,
542-15_vs_330-20,Heavy Scorpion vs Heavy Camel Rider,Heavy Scorpion,15,Heavy Camel Rider,20,56.61607142857143,54.464285714285715,58.767857142857146,63.328571428571436,57.107142857142854,67.32142857142857,6.712500000000006,6.712500000000006,4.56071428571429,0.2,match,5,0,
542-15_vs_569-17,Heavy Scorpion vs Paladin,Heavy Scorpion,15,Paladin,17,79.00653594771242,68.10457516339869,87.05882352941177,79.47712418300652,76.60130718954248,81.43790849673202,0.47058823529410176,0.47058823529410176,0,1,match,5,0,
542-16_vs_1134-14,Heavy Scorpion vs Elite Battle Elephant,Heavy Scorpion,16,Elite Battle Elephant,14,63.154761904761905,61.25,64.10714285714286,61.03571428571428,54.82142857142857,66.78571428571429,-2.1190476190476275,2.1190476190476275,0.2142857142857224,0,match,5,0,
588-3_vs_359-21,Siege Onager vs Halberdier,Siege Onager,3,Halberdier,21,78.26984126984127,76.68253968253968,79.85714285714286,51.45509673138073,36.91861452723411,60.78030923440089,-26.814744538460538,26.814744538460538,25.227442951158956,0,match,5,0,
588-4_vs_441-21,Siege Onager vs Hussar,Siege Onager,4,Hussar,21,38.42355889724311,36.55137844611529,40.29573934837093,57.75687167418588,51.34976809993257,65.54827609777668,19.33331277694277,19.33331277694277,17.46113232581495,0,match,5,0,
588-4_vs_567-21,Siege Onager vs Champion,Siege Onager,4,Champion,21,36.7687074829932,36.7687074829932,36.7687074829932,60.37502584298913,53.594365434645404,64.92871752798148,23.60631835999593,23.60631835999593,23.60631835999593,0,match,5,0,
588-6_vs_1903-21,Siege Onager vs Elite Fire Lancer,Siege Onager,6,Elite Fire Lancer,21,56.14565826330532,56.14565826330532,56.14565826330532,42.87238554833556,25.341142823113454,53.92130881884372,-13.273272714969764,13.273272714969764,13.273272714969764,0,match,5,0,
588-7_vs_1134-14,Siege Onager vs Elite Battle Elephant,Siege Onager,7,Elite Battle Elephant,14,14.727678571428571,14.727678571428571,14.727678571428571,72.47691937112714,63.25572351023777,78.27618417599766,57.74924079969857,57.74924079969857,57.74924079969857,0,match,5,0,
588-7_vs_1372-21,Siege Onager vs Elite Steppe Lancer,Siege Onager,7,Elite Steppe Lancer,21,62.99047619047619,62.99047619047619,62.99047619047619,31.110057190737773,20.2217399149649,40.017051525090906,-31.880418999738414,31.880418999738414,31.880418999738414,0,match,5,0,
588-8_vs_330-20,Siege Onager vs Heavy Camel Rider,Siege Onager,8,Heavy Camel Rider,20,62.807142857142864,61.475,64.13928571428572,32.232339900288096,24.42611811140487,43.8870549749551,-30.574802956854768,30.574802956854768,29.242660099711905,0,match,5,0,
588-8_vs_569-17,Siege Onager vs Paladin,Siege Onager,8,Paladin,17,33.69607843137254,33.69607843137254,33.69607843137254,48.15850513588954,37.84657205490584,68.50512727140853,14.462426704517,14.462426704517,14.462426704517,0,match,5,0,
