subject,opponent,matchup,side2_count,side3_count,tape_runs,tape_mean,tape_min,tape_max,simulation_runs,simulation_mean,simulation_min,simulation_max,absolute_mean_delta,tape_band_error,wrong_stable_winner,unresolved_runs
elite_boyar,arbalester,Arbalester vs Elite Boyar,21,11,1,25.636363636363637,25.636363636363637,25.636363636363637,5,36.54545454545455,36.54545454545455,36.54545454545455,10.90909090909091,10.90909090909091,false,0
elite_boyar,champion,Elite Boyar vs Champion,10,21,1,-51.06666666666667,-51.06666666666667,-51.06666666666667,5,-48.30666666666666,-55.666666666666664,-41.266666666666666,2.760000000000012,2.760000000000012,false,0
elite_boyar,elite_elephant,Elite Boyar vs Elite Battle Elephant,18,14,4,-3.4166997354497357,-21.25925925925926,7.857142857142857,100,-7.219649470899474,-32.56481481481482,21.785714285714285,3.802949735449738,0,false,0
elite_boyar,heavy_cav_archer,Heavy Cavalry Archer vs Elite Boyar,21,16,1,10.5,10.5,10.5,5,-36.75,-40,-29.047619047619047,47.25,47.25,true,0
elite_boyar,heavy_scorpion,Heavy Scorpion vs Elite Boyar,15,18,1,77.70370370370371,77.70370370370371,77.70370370370371,5,65.4814814814815,57.333333333333336,71.48148148148148,12.222222222222214,12.222222222222214,false,0
elite_boyar,paladin,Elite Boyar vs Paladin,18,17,1,-53.148148148148145,-53.148148148148145,-53.148148148148145,5,-44.67407407407407,-54.333333333333336,-39.629629629629626,8.474074074074075,8.474074074074075,false,0
elite_conquistador,arbalester,Elite Conquistador vs Arbalester,12,21,4,-31.89814814814815,-36.111111111111114,-27.59259259259259,5,-11.296296296296296,-21.48148148148148,-5.37037037037037,20.601851851851855,16.296296296296298,false,0
elite_conquistador,champion,Elite Conquistador vs Champion,10,21,1,-78.44444444444444,-78.44444444444444,-78.44444444444444,5,-52.55555555555556,-52.55555555555556,-52.55555555555556,25.888888888888886,25.888888888888886,false,0
elite_conquistador,elite_elephant,Elite Conquistador vs Elite Battle Elephant,18,14,4,-52.64969135802469,-64.80246913580247,-43.71604938271605,0,,,,,,true,5
elite_conquistador,heavy_cav_archer,Heavy Cavalry Archer vs Elite Conquistador,21,17,4,-6.389618347338937,-14.523809523809524,12.745098039215685,100,-17.417209383753505,-37.44047619047619,14.379084967320262,11.027591036414568,2.8933998599439814,false,0
elite_conquistador,heavy_scorpion,Elite Conquistador vs Heavy Scorpion,18,15,4,-18.88888888888889,-30.27777777777778,-12.777777777777779,5,-21.11111111111111,-27.77777777777778,-13.88888888888889,2.2222222222222214,0,false,0
elite_conquistador,paladin,Elite Conquistador vs Paladin,18,16,1,-75.12345679012346,-75.12345679012346,-75.12345679012346,5,-71.17283950617283,-71.17283950617283,-71.17283950617283,3.9506172839506206,3.9506172839506206,false,0
elite_gbeto,arbalester,Elite Gbeto vs Arbalester,17,21,4,39.404761904761905,34.76190476190476,46.666666666666664,5,41.904761904761905,32.857142857142854,45.23809523809524,2.5,0,false,0
elite_gbeto,champion,Elite Gbeto vs Champion,15,21,1,-91.33333333333333,-91.33333333333333,-91.33333333333333,5,-74.66666666666667,-74.66666666666667,-74.66666666666667,16.666666666666657,16.666666666666657,false,0
elite_gbeto,elite_elephant,Elite Gbeto vs Elite Battle Elephant,21,11,4,-42.08095238095238,-53.095238095238095,-32.49523809523809,5,-47.73809523809524,-47.73809523809524,-47.73809523809524,5.657142857142858,0,false,0
elite_gbeto,heavy_cav_archer,Heavy Cavalry Archer vs Elite Gbeto,17,21,4,33.92857142857143,28.095238095238095,38.95238095238095,5,-12.783473389355741,-19.852941176470587,1.5238095238095237,46.71204481792717,40.878711484593836,true,0
elite_gbeto,heavy_scorpion,Elite Gbeto vs Heavy Scorpion,21,12,4,7.484126984126984,-8.952380952380953,19.166666666666668,98,13.067541302235181,-18.666666666666668,55,5.583414318108197,0,false,2
elite_gbeto,paladin,Elite Gbeto vs Paladin,21,13,1,-55.714285714285715,-55.714285714285715,-55.714285714285715,5,-68.0952380952381,-68.0952380952381,-68.0952380952381,12.380952380952387,12.380952380952387,false,0
elite_genoese_crossbowman,arbalester,Elite Genoese Crossbowman vs Arbalester,18,21,4,30.892857142857142,28.333333333333332,33.095238095238095,5,-14.755555555555555,-20.666666666666668,-2.4444444444444446,45.6484126984127,43.08888888888889,true,0
elite_genoese_crossbowman,champion,Elite Genoese Crossbowman vs Champion,16,21,1,-74.25,-74.25,-74.25,5,-68,-68,-68,6.25,6.25,false,0
elite_genoese_crossbowman,elite_elephant,Elite Genoese Crossbowman vs Elite Battle Elephant,21,10,1,-98.38095238095238,-98.38095238095238,-98.38095238095238,5,-89.33333333333333,-89.33333333333333,-89.33333333333333,9.047619047619051,9.047619047619051,false,0
elite_genoese_crossbowman,heavy_cav_archer,Elite Genoese Crossbowman vs Heavy Cavalry Archer,21,16,1,-45.333333333333336,-45.333333333333336,-45.333333333333336,5,-64.76190476190476,-67.14285714285714,-60.95238095238095,19.428571428571423,19.428571428571423,false,0
elite_genoese_crossbowman,heavy_scorpion,Elite Genoese Crossbowman vs Heavy Scorpion,21,11,1,45.45454545454545,45.45454545454545,45.45454545454545,5,38,29.393939393939394,44.54545454545455,7.454545454545453,7.454545454545453,false,0
elite_genoese_crossbowman,paladin,Elite Genoese Crossbowman vs Paladin,21,12,1,-86.57142857142857,-86.57142857142857,-86.57142857142857,5,-81.14285714285714,-81.14285714285714,-81.14285714285714,5.428571428571431,5.428571428571431,false,0
elite_huskarl,arbalester,Arbalester vs Elite Huskarl,20,21,1,85.71428571428571,85.71428571428571,85.71428571428571,5,83.74149659863946,83.74149659863946,83.74149659863946,1.9727891156462505,1.9727891156462505,false,0
elite_huskarl,champion,Elite Huskarl vs Champion,18,21,1,51.97278911564626,51.97278911564626,51.97278911564626,5,49.30612244897959,40.816326530612244,55.78231292517007,2.6666666666666643,2.6666666666666643,false,0
elite_huskarl,elite_elephant,Elite Huskarl vs Elite Battle Elephant,21,9,1,60.416666666666664,60.416666666666664,60.416666666666664,5,65.20833333333333,61.111111111111114,69.09722222222223,4.791666666666664,4.791666666666664,false,0
elite_huskarl,heavy_cav_archer,Heavy Cavalry Archer vs Elite Huskarl,14,21,1,93.12925170068027,93.12925170068027,93.12925170068027,5,91.0748299319728,90.68027210884354,91.22448979591837,2.0544217687074706,2.0544217687074706,false,0
elite_huskarl,heavy_scorpion,Heavy Scorpion vs Elite Huskarl,10,21,1,76.9047619047619,76.9047619047619,76.9047619047619,5,68.42857142857142,65.23809523809524,71.9047619047619,8.476190476190482,8.476190476190482,false,0
elite_huskarl,paladin,Elite Huskarl vs Paladin,21,11,4,45.68181818181819,27.474747474747474,54.5959595959596,5,51.111111111111114,47.17171717171717,58.13131313131313,5.429292929292927,0,false,0
elite_janissary,arbalester,Elite Janissary vs Arbalester,13,21,4,39.19642857142857,30.595238095238095,49.166666666666664,5,57.21428571428571,53.80952380952381,60.714285714285715,18.01785714285714,8.047619047619044,false,0
elite_janissary,champion,Elite Janissary vs Champion,11,21,1,-58.54545454545455,-58.54545454545455,-58.54545454545455,5,-58.18181818181817,-58.18181818181818,-58.18181818181818,0.36363636363637397,0.36363636363637397,false,0
elite_janissary,elite_elephant,Elite Janissary vs Elite Battle Elephant,21,14,1,-59.19047619047619,-59.19047619047619,-59.19047619047619,5,-44.19047619047619,-44.19047619047619,-44.19047619047619,15,15,false,0
elite_janissary,heavy_cav_archer,Elite Janissary vs Heavy Cavalry Archer,19,21,4,31.071428571428573,29.047619047619047,35.23809523809524,5,27.523809523809526,13.333333333333334,34.285714285714285,3.5476190476190474,1.523809523809522,false,0
elite_janissary,heavy_scorpion,Elite Janissary vs Heavy Scorpion,21,15,4,21.444444444444446,4.333333333333333,49.111111111111114,5,-13.095238095238097,-18.047619047619047,-8.476190476190476,34.539682539682545,17.42857142857143,true,0
elite_janissary,paladin,Elite Janissary vs Paladin,21,17,1,-46.857142857142854,-46.857142857142854,-46.857142857142854,5,-36.666666666666664,-36.666666666666664,-36.666666666666664,10.19047619047619,10.19047619047619,false,0
elite_karambit_warrior,arbalester,Arbalester vs Elite Karambit Warrior,10,21,4,7.25,-8.5,17.857142857142858,100,37.5,37.5,37.5,30.25,19.642857142857142,false,0
elite_karambit_warrior,champion,Elite Karambit Warrior vs Champion,21,12,4,23.69047619047619,10.952380952380953,34.285714285714285,5,32.38095238095238,17.38095238095238,45,8.69047619047619,0,false,0
elite_karambit_warrior,elite_elephant,Elite Karambit Warrior vs Elite Battle Elephant,21,4,4,38.125,33.75,43.125,5,38.46875,34.53125,42.65625,0.34375,0,false,0
elite_karambit_warrior,heavy_cav_archer,Heavy Cavalry Archer vs Elite Karambit Warrior,7,21,4,39.523809523809526,23.333333333333332,51.42857142857143,5,27.809523809523807,20.952380952380953,33.333333333333336,11.714285714285719,0,false,0
elite_karambit_warrior,heavy_scorpion,Heavy Scorpion vs Elite Karambit Warrior,5,21,1,52.38095238095238,52.38095238095238,52.38095238095238,5,69.28571428571429,67.14285714285714,71.19047619047619,16.904761904761912,16.904761904761912,false,0
elite_karambit_warrior,paladin,Elite Karambit Warrior vs Paladin,21,5,4,-21.964285714285715,-28.333333333333332,-6.190476190476191,5,-4.368253968253969,-17.142857142857142,8.88888888888889,17.59603174603175,1.822222222222222,false,0
elite_keshik,arbalester,Arbalester vs Elite Keshik,21,16,1,55.11363636363637,55.11363636363637,55.11363636363637,5,54.31818181818183,54.31818181818182,54.31818181818182,0.7954545454545396,0.7954545454545396,false,0
elite_keshik,champion,Elite Keshik vs Champion,14,21,4,-27.153679653679653,-43.54978354978355,-15.714285714285714,5,7.4693877551020424,-0.47619047619047616,18.367346938775512,34.623067408781694,23.183673469387756,true,0
elite_keshik,elite_elephant,Elite Keshik vs Elite Battle Elephant,21,12,1,49.21875,49.21875,49.21875,5,44.5,32.421875,54.270833333333336,4.71875,4.71875,false,0
elite_keshik,heavy_cav_archer,Heavy Cavalry Archer vs Elite Keshik,19,21,1,65.54112554112554,65.54112554112554,65.54112554112554,5,44.317460317460316,42.19336219336219,47.64790764790765,21.223665223665222,21.223665223665222,false,0
elite_keshik,heavy_scorpion,Heavy Scorpion vs Elite Keshik,13,21,1,87.18614718614718,87.18614718614718,87.18614718614718,5,73.22366522366522,67.56132756132756,75.38239538239539,13.96248196248196,13.96248196248196,false,0
elite_keshik,paladin,Elite Keshik vs Paladin,21,14,4,-21.883116883116887,-38.23953823953824,-9.754689754689755,5,1.0836940836940843,-24.444444444444443,23.015873015873016,22.96681096681097,10.83838383838384,true,0
elite_longbowman,arbalester,Elite Longbowman vs Arbalester,20,21,1,-73.75,-73.75,-73.75,5,-19.125,-25,-12.5,54.625,54.625,false,0
elite_longbowman,champion,Elite Longbowman vs Champion,17,21,1,-83.08823529411765,-83.08823529411765,-83.08823529411765,5,-51.47058823529412,-51.470588235294116,-51.470588235294116,31.61764705882353,31.61764705882353,false,0
elite_longbowman,elite_elephant,Elite Longbowman vs Elite Battle Elephant,21,9,1,54.6875,54.6875,54.6875,5,65.45138888888889,65.45138888888889,65.45138888888889,10.763888888888886,10.763888888888886,false,0
elite_longbowman,heavy_cav_archer,Elite Longbowman vs Heavy Cavalry Archer,21,15,1,-50.714285714285715,-50.714285714285715,-50.714285714285715,5,-29.047619047619047,-34.523809523809526,-24.285714285714285,21.666666666666668,21.666666666666668,false,0
elite_longbowman,heavy_scorpion,Elite Longbowman vs Heavy Scorpion,21,10,4,-10.565476190476192,-19.047619047619047,-3.5714285714285716,5,-9.285714285714286,-15.476190476190476,-6.5476190476190474,1.279761904761905,0,false,0
elite_longbowman,paladin,Elite Longbowman vs Paladin,21,11,4,28.080808080808083,23.838383838383837,35.656565656565654,5,38.08080808080808,38.08080808080808,38.08080808080808,10,2.424242424242429,false,0
elite_magyar_huszar,arbalester,Arbalester vs Elite Magyar Huszar,21,18,4,17.348484848484848,9.696969696969697,26.666666666666668,5,17.373737373737374,17.373737373737374,17.373737373737374,0.02525252525252597,0,false,0
elite_magyar_huszar,champion,Elite Magyar Huszar vs Champion,16,21,4,20.196351267779836,-13.636363636363637,33.40136054421769,100,29.16394557823129,5.782312925170068,46.46258503401361,8.967594310451453,0,false,0
elite_magyar_huszar,elite_elephant,Elite Magyar Huszar vs Elite Battle Elephant,21,10,4,44.6640625,36.25,57.53125,5,53.5125,49.625,57.8125,8.848437500000003,0,false,0
elite_magyar_huszar,heavy_cav_archer,Heavy Cavalry Archer vs Elite Magyar Huszar,16,21,1,52.38095238095238,52.38095238095238,52.38095238095238,5,17.662337662337663,15.151515151515152,21.861471861471863,34.71861471861472,34.71861471861472,false,0
elite_magyar_huszar,heavy_scorpion,Heavy Scorpion vs Elite Magyar Huszar,11,21,1,84.8051948051948,84.8051948051948,84.8051948051948,5,72.77056277056278,70.3030303030303,74.58874458874459,12.034632034632025,12.034632034632025,false,0
elite_magyar_huszar,paladin,Elite Magyar Huszar vs Paladin,21,12,4,-4.638648388648388,-21.428571428571427,15.74074074074074,100,23.05176767676767,-8.874458874458874,45.833333333333336,27.69041606541606,7.311026936026931,false,0
elite_mangudai,arbalester,Elite Mangudai vs Arbalester,12,21,4,27.857142857142854,17.142857142857142,38.095238095238095,5,43.04761904761905,36.19047619047619,48.57142857142857,15.190476190476197,4.952380952380956,false,0
elite_mangudai,champion,Elite Mangudai vs Champion,11,21,1,-92.04545454545455,-92.04545454545455,-92.04545454545455,5,-73.4090909090909,-73.4090909090909,-73.4090909090909,18.63636363636364,18.63636363636364,false,0
elite_mangudai,elite_elephant,Elite Mangudai vs Elite Battle Elephant,19,14,4,47.39955357142858,43.28125,50.513392857142854,5,74.35267857142857,74.35267857142857,74.35267857142857,26.953124999999993,23.839285714285715,false,0
elite_mangudai,heavy_cav_archer,Elite Mangudai vs Heavy Cavalry Archer,17,21,4,43.75,36.42857142857143,52.857142857142854,5,27.35714285714286,26.30952380952381,28.333333333333332,16.39285714285714,9.07142857142857,false,0
elite_mangudai,heavy_scorpion,Elite Mangudai vs Heavy Scorpion,19,15,4,-41.04440789473685,-45.26315789473684,-35.625,5,-27.55263157894737,-32.203947368421055,-21.151315789473685,13.49177631578948,8.07236842105263,false,0
elite_mangudai,paladin,Elite Mangudai vs Paladin,19,16,4,-41.08552631578947,-46.71052631578947,-31.973684210526315,5,-72.23684210526316,-72.23684210526316,-72.23684210526316,31.151315789473692,25.526315789473692,false,0
elite_plumed_archer,arbalester,Elite Plumed Archer vs Arbalester,19,21,1,-47.935222672064775,-47.935222672064775,-47.935222672064775,5,-35.611336032388664,-40.64777327935223,-32.71255060728745,12.323886639676111,12.323886639676111,false,0
elite_plumed_archer,champion,Elite Plumed Archer vs Champion,17,21,1,-94.57013574660634,-94.57013574660634,-94.57013574660634,5,-72.39819004524887,-72.39819004524887,-72.39819004524887,22.171945701357473,22.171945701357473,false,0
elite_plumed_archer,elite_elephant,Elite Plumed Archer vs Elite Battle Elephant,21,9,1,47.048611111111114,47.048611111111114,47.048611111111114,0,,,,,,true,5
elite_plumed_archer,heavy_cav_archer,Elite Plumed Archer vs Heavy Cavalry Archer,21,15,4,-34.523809523809526,-38.827838827838825,-30.76923076923077,5,-44.54212454212454,-47.985347985347985,-41.391941391941394,10.018315018315015,5.714285714285715,false,0
elite_plumed_archer,heavy_scorpion,Elite Plumed Archer vs Heavy Scorpion,21,10,4,28.666666666666664,23.833333333333332,32,5,38.733333333333334,34.833333333333336,42.333333333333336,10.06666666666667,6.733333333333334,false,0
elite_plumed_archer,paladin,Elite Plumed Archer vs Paladin,21,11,4,19.292929292929294,11.717171717171718,25.454545454545453,5,35.05050505050505,35.05050505050505,35.05050505050505,15.757575757575758,9.595959595959599,false,0
elite_rattan_archer,arbalester,Elite Rattan Archer vs Arbalester,16,21,1,-75.69444444444444,-75.69444444444444,-75.69444444444444,5,-71.55555555555556,-72.22222222222223,-70.83333333333333,4.138888888888886,4.138888888888886,false,0
elite_rattan_archer,champion,Elite Rattan Archer vs Champion,14,21,1,44.76190476190476,44.76190476190476,44.76190476190476,5,6.666666666666667,6.666666666666667,6.666666666666667,38.095238095238095,38.095238095238095,false,0
elite_rattan_archer,elite_elephant,Elite Rattan Archer vs Elite Battle Elephant,21,12,1,84.11458333333333,84.11458333333333,84.11458333333333,5,83.17708333333333,83.17708333333333,83.17708333333333,0.9375,0.9375,false,0
elite_rattan_archer,heavy_cav_archer,Elite Rattan Archer vs Heavy Cavalry Archer,21,18,1,-80.21164021164022,-80.21164021164022,-80.21164021164022,5,-81.56613756613757,-82.01058201058201,-81.05820105820106,1.3544973544973544,1.3544973544973544,false,0
elite_rattan_archer,heavy_scorpion,Elite Rattan Archer vs Heavy Scorpion,21,13,4,-33.33333333333333,-38.095238095238095,-30.423280423280424,5,-20.634920634920636,-28.571428571428573,-16.137566137566136,12.698412698412692,9.788359788359788,false,0
elite_rattan_archer,paladin,Elite Rattan Archer vs Paladin,21,14,1,67.3015873015873,67.3015873015873,67.3015873015873,5,65.23809523809524,65.23809523809524,65.23809523809524,2.0634920634920633,2.0634920634920633,false,0
elite_shotel_warrior,arbalester,Arbalester vs Elite Shotel Warrior,21,20,1,-90.71428571428571,-90.71428571428571,-90.71428571428571,5,-69.64285714285714,-69.64285714285714,-69.64285714285714,21.07142857142857,21.07142857142857,false,0
elite_shotel_warrior,champion,Elite Shotel Warrior vs Champion,17,21,4,24.1156462585034,11.700680272108844,41.08843537414966,5,30.884353741496597,22.17687074829932,41.36054421768708,6.768707482993197,0,false,0
elite_shotel_warrior,elite_elephant,Elite Shotel Warrior vs Elite Battle Elephant,21,9,4,44.583333333333336,35,56.111111111111114,5,50.11111111111111,46.111111111111114,53.888888888888886,5.5277777777777715,0,false,0
elite_shotel_warrior,heavy_cav_archer,Heavy Cavalry Archer vs Elite Shotel Warrior,15,21,1,65.14285714285714,65.14285714285714,65.14285714285714,5,41.352380952380955,34.95238095238095,46.76190476190476,23.790476190476184,23.790476190476184,false,0
elite_shotel_warrior,heavy_scorpion,Heavy Scorpion vs Elite Shotel Warrior,10,21,1,57.333333333333336,57.333333333333336,57.333333333333336,5,38.4,30.476190476190474,43.80952380952381,18.933333333333337,18.933333333333337,false,0
elite_shotel_warrior,paladin,Elite Shotel Warrior vs Paladin,21,11,4,-24.476190476190474,-36,-14.666666666666666,5,12.964502164502164,-11.238095238095237,26.91919191919192,37.44069264069264,27.63116883116883,true,0
elite_tarkan,arbalester,Arbalester vs Elite Tarkan,21,12,4,46.39705882352941,39.509803921568626,56.372549019607845,5,52.94117647058823,52.94117647058823,52.94117647058823,6.544117647058819,0,false,0
elite_tarkan,champion,Elite Tarkan vs Champion,11,21,4,31.173469387755098,27.891156462585034,34.42176870748299,5,31.646258503401363,13.333333333333334,44.21768707482993,0.4727891156462647,0,false,0
elite_tarkan,elite_elephant,Elite Tarkan vs Elite Battle Elephant,20,14,1,58.482142857142854,58.482142857142854,58.482142857142854,5,59.392857142857146,56.674107142857146,62.20982142857143,0.9107142857142918,0.9107142857142918,false,0
elite_tarkan,heavy_cav_archer,Heavy Cavalry Archer vs Elite Tarkan,21,18,1,56.5359477124183,56.5359477124183,56.5359477124183,5,30.267973856209153,29.215686274509803,32.3202614379085,26.267973856209146,26.267973856209146,false,0
elite_tarkan,heavy_scorpion,Heavy Scorpion vs Elite Tarkan,16,20,1,73.48529411764706,73.48529411764706,73.48529411764706,5,60.82352941176471,56.60294117647059,68.33823529411765,12.661764705882348,12.661764705882348,false,0
elite_tarkan,paladin,Elite Tarkan vs Paladin,20,17,4,19.62091503267974,-5.176470588235294,35.62091503267974,100,35.16013071895425,10.130718954248366,54.90196078431372,15.53921568627451,0,false,0
elite_teutonic_knight,arbalester,Arbalester vs Elite Teutonic Knight,21,14,1,-73.33333333333333,-73.33333333333333,-73.33333333333333,5,-78.0952380952381,-78.0952380952381,-78.0952380952381,4.761904761904773,4.761904761904773,false,0
elite_teutonic_knight,champion,Elite Teutonic Knight vs Champion,12,21,1,-60.22727272727273,-60.22727272727273,-60.22727272727273,5,-62.27272727272727,-65.53030303030303,-59.84848484848485,2.0454545454545467,2.0454545454545467,false,0
elite_teutonic_knight,elite_elephant,Elite Teutonic Knight vs Elite Battle Elephant,21,13,1,-46.53679653679654,-46.53679653679654,-46.53679653679654,5,-42.61904761904762,-46.6991341991342,-40.0974025974026,3.9177489177489164,3.9177489177489164,false,0
elite_teutonic_knight,heavy_cav_archer,Heavy Cavalry Archer vs Elite Teutonic Knight,21,21,1,-57.142857142857146,-57.142857142857146,-57.142857142857146,5,-71.42857142857143,-76.19047619047619,-66.66666666666667,14.285714285714285,14.285714285714285,false,0
elite_teutonic_knight,heavy_scorpion,Heavy Scorpion vs Elite Teutonic Knight,14,21,4,50.89285714285714,40.23809523809524,63.57142857142857,5,48.714285714285715,46.19047619047619,55,2.1785714285714235,0,false,0
elite_teutonic_knight,paladin,Elite Teutonic Knight vs Paladin,21,15,1,-79.43722943722943,-79.43722943722943,-79.43722943722943,5,-62.987012987012996,-68.83116883116882,-59.95670995670996,16.450216450216438,16.450216450216438,false,0
elite_throwing_axeman,arbalester,Elite Throwing Axeman vs Arbalester,21,21,4,-19.761904761904763,-24.761904761904763,-13.741496598639456,5,-35.238095238095234,-41.08843537414966,-29.65986394557823,15.476190476190471,10.476190476190471,false,0
elite_throwing_axeman,champion,Elite Throwing Axeman vs Champion,18,21,1,-67.77777777777777,-67.77777777777777,-67.77777777777777,5,-82.22222222222223,-82.22222222222223,-82.22222222222223,14.444444444444457,14.444444444444457,false,0
elite_throwing_axeman,elite_elephant,Elite Throwing Axeman vs Elite Battle Elephant,21,9,4,-39.285714285714285,-51.904761904761905,-28.333333333333332,5,-55.23809523809524,-55.23809523809524,-55.23809523809524,15.952380952380956,3.3333333333333357,false,0
elite_throwing_axeman,heavy_cav_archer,Heavy Cavalry Archer vs Elite Throwing Axeman,14,21,1,51.42857142857143,51.42857142857143,51.42857142857143,5,41.61904761904762,37.61904761904762,43.80952380952381,9.80952380952381,9.80952380952381,false,0
elite_throwing_axeman,heavy_scorpion,Elite Throwing Axeman vs Heavy Scorpion,21,10,4,-32.74659863945578,-37.48299319727891,-23.843537414965986,5,-43.33333333333333,-49.523809523809526,-38.46938775510204,10.586734693877546,5.85034013605442,false,0
elite_throwing_axeman,paladin,Elite Throwing Axeman vs Paladin,21,11,1,-64.76190476190476,-64.76190476190476,-64.76190476190476,5,-61.904761904761905,-61.904761904761905,-61.904761904761905,2.857142857142854,2.857142857142854,false,0
elite_war_wagon,arbalester,Elite War Wagon vs Arbalester,10,21,1,-73.5,-73.5,-73.5,5,-65.32000000000001,-66.4,-63.9,8.179999999999993,8.179999999999993,false,0
elite_war_wagon,champion,Elite War Wagon vs Champion,8,21,4,20.10204081632653,9.115646258503402,25.4421768707483,5,18.503401360544217,18.503401360544217,18.503401360544217,1.5986394557823118,0,false,0
elite_war_wagon,elite_elephant,Elite War Wagon vs Elite Battle Elephant,15,13,1,51.73076923076923,51.73076923076923,51.73076923076923,0,,,,,,true,5
elite_war_wagon,heavy_cav_archer,Elite War Wagon vs Heavy Cavalry Archer,14,21,1,-66.67857142857143,-66.67857142857143,-66.67857142857143,5,-54.16428571428571,-56.464285714285715,-52.285714285714285,12.51428571428572,12.51428571428572,false,0
elite_war_wagon,heavy_scorpion,Elite War Wagon vs Heavy Scorpion,15,16,4,-17.545833333333334,-19.033333333333335,-15.716666666666667,5,-27.393333333333334,-31.216666666666665,-24.416666666666668,9.8475,8.36,false,0
elite_war_wagon,paladin,Elite War Wagon vs Paladin,15,17,4,35.44117647058824,30,39.80392156862745,5,-83.33333333333333,-83.33333333333333,-83.33333333333333,118.77450980392157,113.33333333333333,true,0
elite_woad_raider,arbalester,Arbalester vs Elite Woad Raider,21,18,4,-52.142857142857146,-58.095238095238095,-40,5,-28.571428571428573,-28.571428571428573,-28.571428571428573,23.571428571428573,11.428571428571427,false,0
elite_woad_raider,champion,Elite Woad Raider vs Champion,15,21,4,28.656462585034014,11.564625850340136,38.095238095238095,5,29.591836734693878,24.829931972789115,32.6530612244898,0.9353741496598644,0,false,0
elite_woad_raider,elite_elephant,Elite Woad Raider vs Elite Battle Elephant,21,11,1,52.86931818181818,52.86931818181818,52.86931818181818,5,57.99431818181819,54.11931818181818,61.73295454545455,5.125000000000007,5.125000000000007,false,0
elite_woad_raider,heavy_cav_archer,Heavy Cavalry Archer vs Elite Woad Raider,17,21,4,20.33613445378151,12.380952380952381,29.859943977591037,5,-15.729691876750701,-34.411764705882355,19.439775910364144,36.06582633053221,28.110644257703083,true,0
elite_woad_raider,heavy_scorpion,Heavy Scorpion vs Elite Woad Raider,12,21,1,50.42016806722689,50.42016806722689,50.42016806722689,5,54.857142857142854,40.22408963585434,64.92997198879551,4.436974789915965,4.436974789915965,false,0
elite_woad_raider,paladin,Elite Woad Raider vs Paladin,21,13,4,14.655246714070245,-19.327731092436974,42.30769230769231,100,34.617094017094026,10.598290598290598,49.48717948717949,19.96184730302378,0,false,0
warrior_priest,arbalester,Arbalester vs Warrior Priest,21,16,1,-63.80952380952381,-63.80952380952381,-63.80952380952381,5,-56.666666666666664,-56.666666666666664,-56.666666666666664,7.142857142857146,7.142857142857146,false,0
warrior_priest,champion,Warrior Priest vs Champion,14,21,4,41.445578231292515,26.122448979591837,52.244897959183675,5,21.82312925170068,10.816326530612244,37.68707482993197,19.622448979591834,4.299319727891156,false,0
warrior_priest,elite_elephant,Warrior Priest vs Elite Battle Elephant,21,11,1,45.73863636363637,45.73863636363637,45.73863636363637,5,60.710227272727266,58.29545454545455,64.7159090909091,14.9715909090909,14.9715909090909,false,0
warrior_priest,heavy_cav_archer,Heavy Cavalry Archer vs Warrior Priest,18,21,4,-34.72222222222222,-52.083333333333336,-23.61111111111111,5,-47.22222222222222,-51.388888888888886,-39.583333333333336,12.5,0,false,0
warrior_priest,heavy_scorpion,Heavy Scorpion vs Warrior Priest,12,21,1,65.52380952380952,65.52380952380952,65.52380952380952,5,54.994285714285716,51.04761904761905,58.095238095238095,10.529523809523802,10.529523809523802,false,0
warrior_priest,paladin,Warrior Priest vs Paladin,21,14,4,27.18253968253968,14.682539682539682,46.82539682539682,5,33.65079365079366,26.984126984126984,42.46031746031746,6.468253968253979,0,false,0
